[{"id":"6287705048235@s.whatsapp.net","balance":5221},{"id":"6281235144606@s.whatsapp.net","balance":554},{"id":"6283846819169@s.whatsapp.net","balance":807},{"id":"6285643112659@s.whatsapp.net","balance":101},{"id":"6282152984922@s.whatsapp.net","balance":4},{"id":"212703512735@s.whatsapp.net","balance":29},{"id":"6282287486762@s.whatsapp.net","balance":25},{"id":"6282237897894@s.whatsapp.net","balance":20},{"id":"6287761446380@s.whatsapp.net","balance":3},{"id":"6282248192917@s.whatsapp.net","balance":24},{"id":"62881036690566@s.whatsapp.net","balance":225},{"id":"6285755725258@s.whatsapp.net","balance":14},{"id":"6282299577755@s.whatsapp.net","balance":12},{"id":"6285223272352@s.whatsapp.net","balance":8},{"id":"6283161056722@s.whatsapp.net","balance":16},{"id":"6281367724906@s.whatsapp.net","balance":36},{"id":"62877050482351@s.whatsapp.net","balance":25},{"id":"6289652402025@s.whatsapp.net","balance":11},{"id":"6285892832640@s.whatsapp.net","balance":1202},{"id":"6281259121031@s.whatsapp.net","balance":24},{"id":"6281214281312@s.whatsapp.net","balance":607},{"id":"6282283022077@s.whatsapp.net","balance":13},{"id":"855387722641@s.whatsapp.net","balance":18},{"id":"6285348242252@s.whatsapp.net","balance":2},{"id":"6288971987089@s.whatsapp.net","balance":1},{"id":"6285339388512@s.whatsapp.net","balance":283},{"id":"6282141570389@s.whatsapp.net","balance":13},{"id":"6287721317870@s.whatsapp.net","balance":19}]