{
  "users": {
    "6285172058507@s.whatsapp.net": {},
    "212623198850@s.whatsapp.net": {},
    "62881038149808@s.whatsapp.net": {},
    "6288976366036@s.whatsapp.net": {},
    "62857508502781@s.whatsapp.net": {},
    "16066127966@s.whatsapp.net": {},
    "6281259121031@s.whatsapp.net": {},
    "6287705048235@s.whatsapp.net": {},
    "6282287486762@s.whatsapp.net": {},
    "6288286421519@s.whatsapp.net": {},
    "6285838225041@s.whatsapp.net": {},
    "6285334190704@s.whatsapp.net": {},
    "6287721317870@s.whatsapp.net": {}
  },
  "chats": {
    "6285172058507@s.whatsapp.net": {},
    "212623198850@s.whatsapp.net": {},
    "6282210685496-1623993784@g.us": {},
    "120363023808186181@g.us": {},
    "120363040330673863@g.us": {},
    "6285838225041@s.whatsapp.net": {},
    "6285334190704@s.whatsapp.net": {},
    "6287705048235@s.whatsapp.net": {}
  },
  "sticker": {},
  "database": {},
  "game": {},
  "settings": {},
  "others": {}
}